NumSeq,AminoAcidName,Prediction
0,LYS,0
1,GLU,0
2,SER,0
3,CYS,0
4,PRO,0
5,SER,0
6,VAL,0
7,SER,0
8,ILE,0
9,PRO,0
10,SER,0
11,SER,0
12,ASP,0
13,GLU,0
14,HIS,0
15,ARG,0
16,GLU,0
17,LYS,0
18,LYS,0
19,LYS,0
20,ARG,0
21,PHE,0
22,THR,0
23,VAL,0
24,TYR,0
25,LYS,0
26,VAL,0
27,LEU,0
28,VAL,0
29,SER,0
30,VAL,0
31,GLY,0
32,ARG,0
33,SER,0
34,GLU,0
35,TRP,0
36,PHE,0
37,VAL,0
38,PHE,0
39,ARG,0
40,ARG,0
41,TYR,0
42,ALA,0
43,GLU,0
44,PHE,0
45,ASP,0
46,LYS,0
47,LEU,0
48,TYR,0
49,ASN,0
50,SER,0
51,LEU,0
52,LYS,0
53,LYS,0
54,GLN,0
55,PHE,0
56,PRO,0
57,ALA,0
58,MET,0
59,ALA,0
60,LEU,0
61,LYS,0
62,ILE,0
63,PRO,0
64,ALA,0
65,LYS,0
66,ARG,0
67,ILE,0
68,PHE,0
69,GLY,0
70,ASP,0
71,ASN,0
72,PHE,0
73,ASP,0
74,PRO,0
75,ASP,0
76,PHE,0
77,ILE,0
78,LYS,0
79,GLN,0
80,ARG,0
81,ARG,0
82,ALA,0
83,GLY,0
84,LEU,0
85,ASN,0
86,GLU,0
87,PHE,0
88,ILE,0
89,GLN,0
90,ASN,0
91,LEU,0
92,VAL,0
93,ARG,0
94,TYR,0
95,PRO,0
96,GLU,0
97,LEU,0
98,TYR,0
99,ASN,0
100,HIS,0
101,PRO,0
102,ASP,0
103,VAL,0
104,ARG,0
105,ALA,0
106,PHE,0
107,LEU,0
108,GLN,0
109,MET,0
110,ASP,0
111,SER,0
112,PRO,0
113,ARG,0
114,HIS,0
115,GLN,0
