Filename,Prediction
1o7k_0.png,0
1o7k_1.png,0
1o7k_2.png,0
1o7k_3.png,0
1o7k_4.png,0
1o7k_5.png,0
1o7k_6.png,0
1o7k_7.png,0
1o7k_8.png,0
1o7k_9.png,0
1o7k_10.png,0
1o7k_11.png,0
1o7k_12.png,0
1o7k_13.png,0
1o7k_14.png,0
1o7k_15.png,0
1o7k_16.png,0
1o7k_17.png,0
1o7k_18.png,0
1o7k_19.png,0
1o7k_20.png,0
1o7k_21.png,0
1o7k_22.png,0
1o7k_23.png,0
1o7k_24.png,0
1o7k_25.png,0
1o7k_26.png,0
1o7k_27.png,0
1o7k_28.png,0
1o7k_29.png,0
1o7k_30.png,0
1o7k_31.png,0
1o7k_32.png,0
1o7k_33.png,0
1o7k_34.png,0
1o7k_35.png,0
1o7k_36.png,0
1o7k_37.png,0
1o7k_38.png,0
1o7k_39.png,0
1o7k_40.png,0
1o7k_41.png,0
1o7k_42.png,0
1o7k_43.png,0
1o7k_44.png,0
1o7k_45.png,0
1o7k_46.png,0
1o7k_47.png,0
1o7k_48.png,0
1o7k_49.png,0
1o7k_50.png,0
1o7k_51.png,0
1o7k_52.png,0
1o7k_53.png,0
1o7k_54.png,0
1o7k_55.png,0
1o7k_56.png,0
1o7k_57.png,0
1o7k_58.png,0
1o7k_59.png,0
1o7k_60.png,0
1o7k_61.png,0
1o7k_62.png,0
1o7k_63.png,0
1o7k_64.png,0
1o7k_65.png,0
1o7k_66.png,0
1o7k_67.png,0
1o7k_68.png,0
1o7k_69.png,0
1o7k_70.png,0
1o7k_71.png,0
1o7k_72.png,0
1o7k_73.png,0
1o7k_74.png,0
1o7k_75.png,0
1o7k_76.png,0
1o7k_77.png,0
1o7k_78.png,0
1o7k_79.png,0
1o7k_80.png,0
1o7k_81.png,0
1o7k_82.png,0
1o7k_83.png,0
1o7k_84.png,0
1o7k_85.png,0
1o7k_86.png,0
1o7k_87.png,0
1o7k_88.png,0
1o7k_89.png,0
1o7k_90.png,0
1o7k_91.png,0
1o7k_92.png,0
1o7k_93.png,0
1o7k_94.png,0
1o7k_95.png,0
1o7k_96.png,0
1o7k_97.png,0
1o7k_98.png,0
1o7k_99.png,0
1o7k_100.png,0
1o7k_101.png,0
1o7k_102.png,0
1o7k_103.png,0
1o7k_104.png,0
1o7k_105.png,0
1o7k_106.png,0
1o7k_107.png,0
1o7k_108.png,0
1o7k_109.png,0
1o7k_110.png,0
1o7k_111.png,0
1o7k_112.png,0
1o7k_113.png,0
1o7k_114.png,0
1o7k_115.png,0
1o7k_116.png,0
1o7k_117.png,0
1o7k_118.png,0
1o7k_119.png,0
1o7k_120.png,0
1o7k_121.png,0
1o7k_122.png,0
1o7k_123.png,0
